{"meta": {"format": 3, "version": "7.10.7", "timestamp": "2025-10-11T00:38:29.611003", "branch_coverage": false, "show_contexts": false}, "files": {"mailgun_mcp/__init__.py": {"executed_lines": [0], "summary": {"covered_lines": 0, "num_statements": 0, "percent_covered": 100.0, "percent_covered_display": "100", "missing_lines": 0, "excluded_lines": 0}, "missing_lines": [], "excluded_lines": [], "functions": {"": {"executed_lines": [], "summary": {"covered_lines": 0, "num_statements": 0, "percent_covered": 100.0, "percent_covered_display": "100", "missing_lines": 0, "excluded_lines": 0}, "missing_lines": [], "excluded_lines": []}}, "classes": {"": {"executed_lines": [], "summary": {"covered_lines": 0, "num_statements": 0, "percent_covered": 100.0, "percent_covered_display": "100", "missing_lines": 0, "excluded_lines": 0}, "missing_lines": [], "excluded_lines": []}}}, "mailgun_mcp/main.py": {"executed_lines": [1, 2, 4, 5, 6, 9, 15, 19, 23, 28, 41, 42, 50, 58, 59, 60, 61, 62, 63, 64, 66, 68, 72, 73, 80, 81, 82, 91, 96, 98, 99, 106, 108, 109, 115, 116, 126, 131, 133, 134, 158, 163, 172, 180, 185, 186, 187, 188, 189, 191, 194, 195, 201, 202, 212, 215, 242, 247, 274, 279, 289, 297, 299, 301, 303, 305, 308, 309, 315, 316, 326, 331, 340, 348, 350, 352, 354, 357, 358, 364, 365, 375, 378, 382, 390, 392, 393, 399, 400, 410, 415, 419, 427, 431, 432, 433, 436, 437, 443, 444, 454, 459, 461, 469, 470, 475, 476, 486, 491, 523, 528, 560, 565, 592, 597, 629, 634, 666, 671, 703, 704, 706, 714, 716, 717, 723, 724, 734, 739, 766, 769, 773, 781, 787, 790, 791, 797, 798, 808, 813, 858, 861, 888, 893, 897, 905, 907, 908, 914, 915, 925, 930, 957, 962, 970, 978, 984, 986, 989, 990, 996, 997, 1007, 1012, 1063, 1068, 1095, 1098, 1100, 1108, 1109, 1114, 1115, 1125, 1130, 1157, 1162, 1164, 1172, 1174, 1175, 1181, 1182, 1192, 1197, 1225], "summary": {"covered_lines": 186, "num_statements": 373, "percent_covered": 49.865951742627345, "percent_covered_display": "50", "missing_lines": 187, "excluded_lines": 0}, "missing_lines": [16, 20, 65, 67, 69, 117, 141, 142, 147, 148, 149, 173, 190, 192, 203, 217, 218, 225, 226, 231, 232, 233, 249, 250, 257, 258, 263, 264, 265, 290, 300, 302, 304, 306, 317, 341, 351, 353, 355, 366, 383, 401, 420, 434, 445, 462, 477, 495, 496, 503, 505, 506, 512, 513, 514, 530, 531, 538, 542, 543, 549, 550, 551, 567, 568, 575, 576, 581, 582, 583, 601, 602, 609, 611, 612, 618, 619, 620, 638, 639, 646, 648, 649, 655, 656, 657, 675, 676, 683, 685, 686, 692, 693, 694, 707, 725, 741, 742, 749, 750, 755, 756, 757, 774, 788, 799, 821, 822, 829, 831, 832, 833, 834, 835, 836, 837, 838, 840, 841, 847, 848, 849, 863, 864, 871, 872, 877, 878, 879, 898, 916, 932, 933, 940, 941, 946, 947, 948, 971, 985, 987, 998, 1022, 1023, 1030, 1032, 1033, 1034, 1035, 1036, 1037, 1038, 1039, 1040, 1041, 1042, 1043, 1045, 1046, 1052, 1053, 1054, 1070, 1071, 1078, 1079, 1084, 1085, 1086, 1101, 1116, 1132, 1133, 1140, 1141, 1146, 1147, 1148, 1165, 1183, 1199, 1200, 1207, 1208, 1213, 1214, 1215], "excluded_lines": [], "functions": {"get_mailgun_api_key": {"executed_lines": [], "summary": {"covered_lines": 0, "num_statements": 1, "percent_covered": 0.0, "percent_covered_display": "0", "missing_lines": 1, "excluded_lines": 0}, "missing_lines": [16], "excluded_lines": []}, "get_mailgun_domain": {"executed_lines": [], "summary": {"covered_lines": 0, "num_statements": 1, "percent_covered": 0.0, "percent_covered_display": "0", "missing_lines": 1, "excluded_lines": 0}, "missing_lines": [20], "excluded_lines": []}, "send_message": {"executed_lines": [41, 42, 50, 58, 59, 60, 61, 62, 63, 64, 66, 68, 72, 73, 80, 81, 82], "summary": {"covered_lines": 17, "num_statements": 20, "percent_covered": 85.0, "percent_covered_display": "85", "missing_lines": 3, "excluded_lines": 0}, "missing_lines": [65, 67, 69], "excluded_lines": []}, "get_domains": {"executed_lines": [98, 99, 106, 108, 109, 115, 116], "summary": {"covered_lines": 7, "num_statements": 8, "percent_covered": 87.5, "percent_covered_display": "88", "missing_lines": 1, "excluded_lines": 0}, "missing_lines": [117], "excluded_lines": []}, "get_domain": {"executed_lines": [133, 134], "summary": {"covered_lines": 2, "num_statements": 7, "percent_covered": 28.571428571428573, "percent_covered_display": "29", "missing_lines": 5, "excluded_lines": 0}, "missing_lines": [141, 142, 147, 148, 149], "excluded_lines": []}, "create_domain": {"executed_lines": [172, 180, 185, 186, 187, 188, 189, 191, 194, 195, 201, 202], "summary": {"covered_lines": 12, "num_statements": 16, "percent_covered": 75.0, "percent_covered_display": "75", "missing_lines": 4, "excluded_lines": 0}, "missing_lines": [173, 190, 192, 203], "excluded_lines": []}, "delete_domain": {"executed_lines": [], "summary": {"covered_lines": 0, "num_statements": 7, "percent_covered": 0.0, "percent_covered_display": "0", "missing_lines": 7, "excluded_lines": 0}, "missing_lines": [217, 218, 225, 226, 231, 232, 233], "excluded_lines": []}, "verify_domain": {"executed_lines": [], "summary": {"covered_lines": 0, "num_statements": 7, "percent_covered": 0.0, "percent_covered_display": "0", "missing_lines": 7, "excluded_lines": 0}, "missing_lines": [249, 250, 257, 258, 263, 264, 265], "excluded_lines": []}, "get_events": {"executed_lines": [289, 297, 299, 301, 303, 305, 308, 309, 315, 316], "summary": {"covered_lines": 10, "num_statements": 16, "percent_covered": 62.5, "percent_covered_display": "62", "missing_lines": 6, "excluded_lines": 0}, "missing_lines": [290, 300, 302, 304, 306, 317], "excluded_lines": []}, "get_stats": {"executed_lines": [340, 348, 350, 352, 354, 357, 358, 364, 365], "summary": {"covered_lines": 9, "num_statements": 14, "percent_covered": 64.28571428571429, "percent_covered_display": "64", "missing_lines": 5, "excluded_lines": 0}, "missing_lines": [341, 351, 353, 355, 366], "excluded_lines": []}, "get_bounces": {"executed_lines": [382, 390, 392, 393, 399, 400], "summary": {"covered_lines": 6, "num_statements": 8, "percent_covered": 75.0, "percent_covered_display": "75", "missing_lines": 2, "excluded_lines": 0}, "missing_lines": [383, 401], "excluded_lines": []}, "add_bounce": {"executed_lines": [419, 427, 431, 432, 433, 436, 437, 443, 444], "summary": {"covered_lines": 9, "num_statements": 12, "percent_covered": 75.0, "percent_covered_display": "75", "missing_lines": 3, "excluded_lines": 0}, "missing_lines": [420, 434, 445], "excluded_lines": []}, "delete_bounce": {"executed_lines": [461, 469, 470, 475, 476], "summary": {"covered_lines": 5, "num_statements": 7, "percent_covered": 71.42857142857143, "percent_covered_display": "71", "missing_lines": 2, "excluded_lines": 0}, "missing_lines": [462, 477], "excluded_lines": []}, "get_complaints": {"executed_lines": [], "summary": {"covered_lines": 0, "num_statements": 8, "percent_covered": 0.0, "percent_covered_display": "0", "missing_lines": 8, "excluded_lines": 0}, "missing_lines": [495, 496, 503, 505, 506, 512, 513, 514], "excluded_lines": []}, "add_complaint": {"executed_lines": [], "summary": {"covered_lines": 0, "num_statements": 8, "percent_covered": 0.0, "percent_covered_display": "0", "missing_lines": 8, "excluded_lines": 0}, "missing_lines": [530, 531, 538, 542, 543, 549, 550, 551], "excluded_lines": []}, "delete_complaint": {"executed_lines": [], "summary": {"covered_lines": 0, "num_statements": 7, "percent_covered": 0.0, "percent_covered_display": "0", "missing_lines": 7, "excluded_lines": 0}, "missing_lines": [567, 568, 575, 576, 581, 582, 583], "excluded_lines": []}, "get_unsubscribes": {"executed_lines": [], "summary": {"covered_lines": 0, "num_statements": 8, "percent_covered": 0.0, "percent_covered_display": "0", "missing_lines": 8, "excluded_lines": 0}, "missing_lines": [601, 602, 609, 611, 612, 618, 619, 620], "excluded_lines": []}, "add_unsubscribe": {"executed_lines": [], "summary": {"covered_lines": 0, "num_statements": 8, "percent_covered": 0.0, "percent_covered_display": "0", "missing_lines": 8, "excluded_lines": 0},